text,sentiment
produk ini sangat bagus dan berkualitas tinggi,positif
saya sangat puas dengan pelayanan yang diberikan,positif
terima kasih atas bantuannya sangat membantu,positif
konten ini sangat informatif dan bermanfaat,positif
sangat senang dengan hasilnya luar biasa,positif
produknya oke dan sesuai ekspektasi,positif
pelayanan ramah dan profesional sangat bagus,positif
rekomendasi produk terbaik untuk semua,positif
suka banget dengan desainnya keren,positif
harga terjangkau dengan kualitas premium,positif
pengiriman cepat dan aman terpercaya,positif
customer service responsif dan membantu,positif
produk original dan bergaransi terpercaya,positif
sangat terbantu dengan informasi yang diberikan,positif
pengalaman berbelanja yang menyenangkan,positif
produk kurang sesuai dengan deskripsi,negatif
pelayanan lambat dan tidak responsif,negatif
kecewa dengan kualitas produk jelek,negatif
harga terlalu mahal tidak sebanding,negatif
customer service tidak membantu mengecewakan,negatif
produk rusak saat diterima buruk,negatif
pengiriman sangat lambat mengecewakan,negatif
kualitas di bawah standar tidak bagus,negatif
tidak sesuai dengan gambar menipu,negatif
sangat kecewa dengan pelayanan buruk,negatif
produk cacat dan tidak berguna,negatif
refund prosesnya lama dan ribet,negatif
kualitas biasa saja standar,netral
pelayanan cukup oke tidak ada masalah,netral
produk standar sesuai harga,netral
tidak ada keluhan berarti netral,netral
pengiriman normal wajar saja,netral
kualitas sesuai dengan harga wajar,netral
pelayanan standar tidak ada masalah,netral
produk biasa tidak terlalu bagus atau buruk,netral
pengalaman biasa saja netral,netral
tidak ada kelebihan atau kekurangan,netral
cukup baik untuk harga segitu,netral
produk oke untuk penggunaan sehari-hari,netral
pelayanan standar tidak ada komplain,netral
kualitas standar sesuai ekspektasi,netral
produk biasa tidak ada yang istimewa,netral
pengiriman wajar tidak terlalu cepat atau lambat,netral
layanan cukup memuaskan standar,netral
produk ini sangat membantu pekerjaan saya,positif
sangat terkesan dengan kualitasnya luar biasa,positif
pelayanan prima sangat profesional,positif
produk terbaik yang pernah saya beli,positif
sangat puas akan kembali lagi,positif
rekomendasi tempat belanja terpercaya,positif
produk berkualitas dengan harga bersaing,positif
pelayanan cepat dan efisien,positif
sangat senang menemukan produk ini,positif
kualitas premium dengan harga terjangkau,positif
produk original dan berkualitas tinggi,positif
pelayanan ramah membuat nyaman,positif
sangat terbantu dengan fitur-fiturnya,positif
produk jelek dan tidak berguna sama sekali,negatif
sangat kecewa dengan kualitas buruk,negatif
pelayanan mengecewakan tidak profesional,negatif
produk cacat dan tidak bisa digunakan,negatif
harga terlalu mahal tidak sebanding kualitas,negatif
customer service tidak responsif buruk,negatif
pengiriman lambat dan tidak aman,negatif
produk tidak sesuai deskripsi menipu,negatif
kualitas sangat buruk mengecewakan,negatif
tidak akan belanja lagi di sini,negatif
produk palsu dan tidak original,negatif
refund sulit dan proses rumit,negatif
produk cukup baik untuk penggunaan kasual,netral
pelayanan standar tidak ada masalah khusus,netral
kualitas sesuai dengan harga yang dibayar,netral
tidak ada kekurangan yang berarti,netral
produk biasa saja tidak ada yang istimewa,netral
pengiriman normal sesuai standar,netral
pelayanan cukup memuaskan standar,netral
produk oke untuk kebutuhan sehari-hari,netral
tidak ada keluhan berarti netral saja,netral
kualitas standar sesuai ekspektasi wajar,netral
produk biasa tidak terlalu bagus atau buruk,netral
pengalaman belanja biasa netral,netral
layanan standar tidak ada komplain,netral
produk standar wajar untuk harganya,netral
